name;coordinates;country_id
Resnik;POLYGON ((20.917669742347613 44.11235675805392, 20.917669742347613 44.106083365937764, 20.928875492538452 44.106083365937764, 20.928875492538452 44.11235675805392, 20.917669742347613 44.11235675805392));2
Opornica;POLYGON ((20.881019383440787 44.064585877694896, 20.881019383440787 44.058111396554324, 20.889104522037655 44.058111396554324, 20.889104522037655 44.064585877694896, 20.881019383440787 44.064585877694896));2
Bursa;POLYGON ((28.87150351262369 40.307351207392855, 28.87150351262369 40.15126937762511, 29.322371630274574 40.15126937762511, 29.322371630274574 40.307351207392855, 28.87150351262369 40.307351207392855));1
Usak;POLYGON ((29.37104833318611 38.69437200929647, 29.37104833318611 38.63626127145304, 29.455440019082744 38.63626127145304, 29.455440019082744 38.69437200929647, 29.37104833318611 38.69437200929647));1
Dinar;POLYGON ((30.15222898244562 38.0797700174229, 30.15222898244562 38.06063998750233, 30.176456227754954 38.06063998750233, 30.176456227754954 38.0797700174229, 30.15222898244562 38.0797700174229));1